ticker,source,headline,date,time
amzn,Seeking Alpha,Google becomes latest cloud provider to invest in Hoosier State,2024-04-26,17:49:00
amzn,InvestorPlace,3 Robotics Stocks That Will Make Early Investors Exceedingly Wealthy ,2024-04-26,18:19:10
amzn,Seeking Alpha,"Catalyst Watch: Apple earnings, Viking IPO, Chinese EV deliveries and Russell indices' Rank Day",2024-04-26,19:00:06
amzn,Seeking Alpha,More than half of the S&P 500 names that reported results this week beat top and bottom line - Earnings Scorecard,2024-04-26,19:11:32
amzn,Benzinga,"Tech Stocks Rebound As Magnificent 7 Roar On Strong Earnings, Energy Giants Tumble: What's Driving Markets Friday?",2024-04-26,19:45:43
amzn,Benzinga,"Roku Analysts Vouch for the Must-Advertise Platform, Albeit Seek Revenue Upside to Get More Constructive",2024-04-26,20:21:42
amzn,Benzinga,DoorDash to Report Q1 Earnings: What's in Store?,2024-04-26,22:33:51
amzn,InvestorPlace,Nvidia Who? 3 AI Plays Destined to Outshine the Industry Giant,2024-04-27,11:00:00
amzn,InvestorPlace,All In on Microsoft Stock: How AI Turned MSFT Into the Hottest Tech Play of 2024,2024-04-27,12:06:45
amzn,InvestorPlace,Nvidia vs. Amazon Stock: Which One Scores Higher on These 3 Crucial Quality Metrics?,2024-04-27,13:10:26
amzn,InvestorPlace,The Top 3 Growth Stocks to Buy in April 2024,2024-04-28,11:00:00
amzn,Seeking Alpha,"Earnings week ahead: Amazon, Apple, Pfizer, AMD, Coca-Cola, Starbucks and more",2024-04-28,12:00:00
amzn,Seeking Alpha,"U.S. CFOs’ top priority is cost-cutting amid economic uncertainty, survey finds",2024-04-28,17:44:00
amzn,InvestorPlace,Microsoft Stock: Why This Magnificent 7 Baddie Is Leaving AMZN and GOOG in the Dust,2024-04-29,12:26:56
amzn,Markets Insider Automation,Here's what Wall Street expects from Amazon's earnings report,2024-04-29,15:01:13
amzn,Seeking Alpha,"Amazon Q1 Preview: All eyes on AWS growth, generative AI",2024-04-29,16:30:02
amzn,Seeking Alpha,"Snowflake, MongoDB, Datadog, Dynatrace may benefit from cloud strength: Baird",2024-04-29,17:31:56
amzn,InvestorPlace,Nvidia’s Woes Are Your Windfall: 3 AI Stocks to Grab Now,2024-04-29,20:00:00
amzn,Benzinga,"US Stocks Kick Off The Week In The Green, Tesla Rockets On China's FSD Approval, Yen Rallies: What's Driving Markets Monday?",2024-04-29,20:14:54
amzn,InvestorPlace,AI Jackpot: 7 Machine Learning Stocks to Double Down On,2024-04-29,20:30:00
amzn,Business Insider,'Winner take most': Here's what Wall Street is expecting from Amazon's Q1 earnings report,2024-04-29,20:48:01
amzn,Benzinga,Wall Street to Start a Very Crucial Week,2024-04-29,20:57:33
amzn,Seeking Alpha,Notable earnings after Tuesday's close,2024-04-29,21:35:36
amzn,InvestorPlace,Stock Market Crash Alert: 3 Must-Buy Transportation Stocks When Prices Plunge,2024-04-30,10:00:00
amzn,InvestorPlace,3 Retail Stock Rejects to Avoid at All Costs,2024-04-30,10:29:00
amzn,InvestorPlace,Stock Market Crash Alert: 3 Must-Buy Cathie Wood Stocks When Prices Plunge,2024-04-30,10:30:00
amzn,InvestorPlace,3 AI Stocks With the Potential to Make You an Overnight Millionaire,2024-04-30,11:00:00
amzn,TipRanks,Analysts Offer Insights on Consumer Cyclical Companies: Crocs (CROX) and Amazon (AMZN),2024-04-30,12:50:55
amzn,Seeking Alpha,"5 stocks to watch on Tuesday: KO, MCD, AMZN and more",2024-04-30,13:18:00
amzn,RTTNews,Amazon Web Services Announces General Availability Of Amazon Q - Quick Facts ,2024-04-30,15:16:05
amzn,InvestorPlace,Why Is Marin Software (MRIN) Stock Up 23% Today?,2024-04-30,16:11:59
amzn,InvestorPlace,Amazon Stock Dividend? Keep an Eye on Q1 Earnings After the Bell Today.,2024-04-30,16:38:35
amzn,InvestorPlace,AGBA Stock Pops 35% on Triller Merger Update,2024-04-30,16:45:04
amzn,Benzinga,5 ETF Winners of the Last Week,2024-04-30,18:11:23
amzn,Benzinga,Inflation Tempers Cargojet's Outlook Despite Q1 Volume Growth,2024-04-30,18:11:29
amzn,Benzinga,"Stocks Dive On Fears Of Hawkish Fed; Treasury Yields Rise, Bitcoin Tumbles To $60,000: What's Driving Markets Tuesday?",2024-04-30,19:35:14
amzn,Seeking Alpha,"Amazon EPS of $0.98, revenue of $143.3B beats by $750M",2024-04-30,20:02:42
amzn,Seeking Alpha,Amazon tops Q1 expectations off strong AWS results; sales guidance disappoints,2024-04-30,20:45:52
amzn,RTTNews,"Amazon.com Inc. Announces Rise In Q1 Income, Beats estimates",2024-04-30,22:10:24
amzn,Seeking Alpha,Amazon going all in on generative AI as 'multi-billion dollar business',2024-04-30,22:58:33
amzn,InvestorPlace,"AMZN Stock Earnings: Amazon.com Beats EPS, Beats Revenue for Q1 2024",2024-05-01,00:58:11
amzn,TipRanks,Buy Rating Affirmed: Amazon’s Strong Q1’24 Performance and Sustained Market Leadership,2024-05-01,04:15:53
amzn,TipRanks,Buy Rating Affirmed on Amazon’s Strong Q1 Performance and Operational Efficiency,2024-05-01,05:05:28
amzn,TipRanks,"Analysts Conflicted on These Consumer Cyclical Names: Starbucks (SBUX), Amazon (AMZN) and O-I Glass (OI)",2024-05-01,07:44:26
amzn,TipRanks,Amazon Exceeds Expectations: Strong Q1 Performance and Diversified Growth Secure Buy Rating,2024-05-01,07:50:59
amzn,TipRanks,RBC Capital Sticks to Their Buy Rating for Amazon (AMZN),2024-05-01,07:52:28
amzn,TipRanks,"Analysts’ Opinions Are Mixed on These Consumer Cyclical Stocks: Wingstop (WING), Taylor Morrison (TMHC) and Amazon (AMZN)",2024-05-01,07:54:37
amzn,TipRanks,Amazon’s Growth Trajectory Strong Amid AWS Surge and Retail Efficiency Gains: Buy Rating with Increased Price Target,2024-05-01,08:55:52
amzn,TipRanks,Buy Rating Affirmed for Amazon on Strong AWS Growth and Retail Expansion Prospects,2024-05-01,08:56:27
amzn,TipRanks,Amazon’s Robust Financial Performance and Growth Prospects Affirm Buy Rating,2024-05-01,08:56:45
amzn,TipRanks,Amazon’s Strong Q1 Performance and AWS Growth Justify Buy Rating and Increased Price Target,2024-05-01,08:57:04
amzn,TipRanks,Buy Rating Affirmed: Amazon’s Strong Financials and Growth Prospects,2024-05-01,08:57:26
amzn,TipRanks,Amazon’s Rising Financial Fortitude: A Buy Rating with Increased Price Target,2024-05-01,08:57:49
amzn,TipRanks,Amazon’s Strong Earnings and AI Investment Drive Buy Rating with Significant Upside Potential,2024-05-01,08:58:10
amzn,TipRanks,Buy Rating Affirmed on Amazon’s Strong Performance and Growth Outlook,2024-05-01,08:58:26
amzn,TipRanks,Buy Rating Reiterated for Amazon on Strong Q1 Results and AWS Growth Momentum,2024-05-01,08:58:46
amzn,TipRanks,Buy Rating Affirmed for Amazon on Strong AWS Growth and Profitability Prospects,2024-05-01,08:59:07
amzn,TipRanks,Buy Rating Affirmed: Amazon’s Q1 2024 Performance Exceeds Expectations with Strong AWS Growth and Margin Improvement,2024-05-01,08:59:28
amzn,TipRanks,Robust Growth and Profitability Reinforce Buy Rating for Amazon with a New Price Target of $210,2024-05-01,08:59:48
amzn,TipRanks,"Amazon Poised for Sustained Growth: Buy Rating Justified by AWS Expansion, GMV Growth, and Advertising Potential",2024-05-01,09:00:05
amzn,TipRanks,Buy Rating on Amazon: Strong Growth and Profitability Outlook Amidst Rising CapEx and Strategic Initiatives,2024-05-01,09:00:27
amzn,TipRanks,Buy Rating Affirmed for Amazon on Strong Q1 Performance and Growth Prospects,2024-05-01,09:00:48
amzn,TipRanks,Amazon’s Strong Revenue and AWS Growth Bolster Buy Rating Amid AI Advancements,2024-05-01,09:01:08
amzn,TipRanks,Amazon’s Soaring Profitability and AWS Growth Merit a Strong Buy Rating,2024-05-01,09:56:51
amzn,TipRanks,Rob Sanderson Maintains Buy Rating for Amazon Amid Strong Q1 Results and Positive Profit Outlook,2024-05-01,10:05:52
amzn,TipRanks,Amazon Outperforms with Strong Q1 Results and AWS Growth: Maintains Buy Rating,2024-05-01,10:13:14
amzn,TipRanks,"Analysts Have Conflicting Sentiments on These Consumer Cyclical Companies: Starbucks (SBUX), Dana Holding (DAN) and Amazon (AMZN)",2024-05-01,10:15:52
amzn,InvestorPlace,3 Ignored Growth Stocks That Demand Your Attention,2024-05-01,10:24:00
amzn,TipRanks,"Analysts Have Conflicting Sentiments on These Consumer Cyclical Companies: McDonald’s (MCD), Lear (LEA) and Amazon (AMZN)",2024-05-01,10:42:04
amzn,TipRanks,Amazon’s Buy Rating: Sustained Growth and Profitability Through Strategic High-Margin Ventures,2024-05-01,10:55:23
amzn,InvestorPlace,3 No-Hassle Blue-Chip Stocks to Buy at Bargain Prices,2024-05-01,11:00:00
amzn,TipRanks,Analysts Offer Insights on Consumer Cyclical Companies: Denny’s (DENN) and Amazon (AMZN),2024-05-01,11:11:14
amzn,TipRanks,"Analysts’ Top Consumer Cyclical Picks: The Lovesac Company (LOVE), Restaurant Brands International (QSR)",2024-05-01,12:03:40
amzn,Seeking Alpha,Amazon's cloud computing headwinds are firmly in the past: analysts,2024-05-01,12:13:10
amzn,TipRanks,Wall Street Analysts Are Bullish on Top Consumer Cyclical Picks,2024-05-01,12:31:03
amzn,InvestorPlace,Google AI Predicts These 3 Stocks Can Make You Rich by 2026,2024-05-01,12:56:18
amzn,TipRanks,Analysts Have Conflicting Sentiments on These Consumer Cyclical Companies: Steven Madden (SHOO) and Amazon (AMZN),2024-05-01,13:30:21
amzn,TipRanks,Amazon’s Robust Financial Performance and Growth Prospects Secure Buy Rating,2024-05-01,13:45:18
amzn,Benzinga,Amazon's GenAI Could Generate 'Multi-Billion Revenue Run-Rate': JPMorgan,2024-05-01,15:27:27
amzn,Benzinga,"'Insane Night:' Jim Cramer Praises Amazon's 'Spectacular' Q1, Says Skyworks Will 'Hammer Apple' While Supermicro Got 'Whacked' Despite Good March Quarter",2024-05-01,15:56:52
amzn,InvestorPlace,Shhh! 3 Secret Stocks Flying Below Wall Street’s Radar,2024-05-01,17:48:17
amzn,Benzinga,Pinterest Shifts To A 'Higher Gear Of Growth': Analysts Raise Forecasts After Q1 Results,2024-05-01,18:18:11
amzn,Benzinga,"US Stocks Mixed Ahead Of Fed Meeting, Chipmakers Tumble After AMD Earnings, Bitcoin Sinks: What's Driving Markets Wednesday?",2024-05-01,19:07:03
amzn,InvestorPlace,Stock Market Crash Alert: 3 Must-Buy Dow Stocks When Prices Plunge,2024-05-01,19:24:23
amzn,Benzinga,"8 Analysts Size Up Amazon's Q1 Results, AWS Opportunity: 'Likely The Biggest Winner In AI'",2024-05-01,19:28:42
amzn,Seeking Alpha,Lawmakers probing FTC interaction with EU in Amazon deal collapse,2024-05-01,19:44:22
amzn,InvestorPlace,Analysts Are Pounding the Table on These 3 Stocks: April 2024,2024-05-01,20:30:00
amzn,InvestorPlace,7 Penny Stocks That Could Make You a Fortune (If You Dare) ,2024-05-01,20:30:00
amzn,TipRanks,Wall Street Analysts Are Bullish on Top Consumer Cyclical Picks,2024-05-02,04:20:19
amzn,TipRanks,Strong Financial Performance and Growth Prospects Justify Buy Rating for Amazon,2024-05-02,07:55:55
amzn,InvestorPlace,Bet on Amazon Stock’s AI-Driven Ad Juggernaut for Outsized Gains,2024-05-02,10:05:00
amzn,InvestorPlace,Rivian Stock Earnings Preview: Is RIVN a Buy Ahead of Its May 7 Report?,2024-05-02,10:25:00
amzn,InvestorPlace,Stock Market Crash Alert: 3 Must-Buy Warren Buffett Stocks When Prices Plunge,2024-05-02,11:00:00
amzn,TipRanks,Amazon’s Strong Financial Performance and Future Growth Prospects Justify a Buy Rating,2024-05-02,11:56:18
amzn,InvestorPlace,Super Micro Computer Stock Analysis: Buy the Plunge in This Discounted AI Gem,2024-05-02,15:05:54
amzn,InvestorPlace,Why Plug Power Stock Could Be the Ultimate Comeback Kid of the Decade,2024-05-02,19:20:20
amzn,TipRanks,AMZN vs. META: Which Magnificent Seven Stock Is Better?,2024-05-03,00:28:09
amzn,InvestorPlace,3 Stocks Gunning for Google’s Crown,2024-05-03,10:00:00
amzn,InvestorPlace,3 EV Stocks That Could Make You a Fortune (if You Dare),2024-05-03,10:10:00
amzn,InvestorPlace,Stock Market Crash Alert: 3 Must-Buy Blockchain Stocks When Prices Plunge ,2024-05-03,10:39:00
amzn,InvestorPlace,Forget the Tech Slump: Amazon Stock Proves It’s a Powerhouse Investment,2024-05-03,10:54:00
amzn,InvestorPlace,3 AI Stocks That Could Go Parabolic in the Next Decade,2024-05-03,11:30:00
amzn,InvestorPlace,Stock Market Crash Alert: 3 Must-Buy Tech Stocks When Prices Plunge,2024-05-03,11:30:00
amzn,InvestorPlace,3 Growth Stocks You’ll Kick Yourself for Not Buying Today,2024-05-03,12:45:00
amzn,Seeking Alpha,Cyclical stocks earnings recap: 8 out of 16 beat market consensus,2024-05-03,15:29:51
amzn,InvestorPlace,Stock Market Crash Alert: 7 Must-Buy Nasdaq Stocks When Prices Plunge,2024-05-04,10:30:00
amzn,InvestorPlace,MSFT Analysis: Why Microsoft Stock Is a Must-Own for Investors in 2024,2024-05-04,10:34:00
amzn,Seeking Alpha,What's next for Amazon after earnings? SA analysts weigh in,2024-05-04,13:37:00
amzn,Seeking Alpha,About 79% of the S&P 500 names beat on EPS during the busiest week of Q1 reporting - Earnings Scorecard,2024-05-05,20:08:00
amzn,InvestorPlace,Time to Cut Your Losses on SOFI Stock? Why This Former Bull Is Waving the White Flag.,2024-05-06,10:05:00
amzn,InvestorPlace,Investor Alert: Are These 3 Spinoff Stocks Destined to Sizzle or Fizzle?,2024-05-06,10:58:00
amzn,TipRanks,"Analysts Offer Insights on Consumer Cyclical Companies: Dick’s Sporting Goods (DKS), DraftKings (DKNG) and Amazon (AMZN)",2024-05-06,11:51:09
amzn,InvestorPlace,Spring’s 3 Hottest S&P 500 Stocks: Time to Load Up or Take Profits?,2024-05-06,12:00:00
amzn,InvestorPlace,3 Quantum Stocks That Will Make You the Envy of Wall Street,2024-05-06,13:00:00
amzn,InvestorPlace,3 Stocks That Pay You to Own Them: Spring 2024 Edition,2024-05-06,16:46:01
amzn,InvestorPlace,How the Medical Industry Could Produce the Biggest AI Stock Winners,2024-05-06,18:06:06
amzn,InvestorPlace,Dow Dominators: 3 Blue-Chip Stocks Crushing the Market in 2024,2024-05-06,18:34:34
amzn,InvestorPlace,The 3 Best Retail Stocks to Buy in May 2024,2024-05-06,19:03:37
amzn,InvestorPlace,The 3 Most Undervalued Cloud Stocks to Buy in May 2024,2024-05-06,19:51:47
amzn,InvestorPlace,Should You Buy Nvidia (NVDA) Stock Before May 22?,2024-05-06,19:56:01
amzn,InvestorPlace,7 Stocks to Buy to Satisfy Your IRA Limits in 2024,2024-05-06,20:30:00
amzn,InvestorPlace,Hybrid Headache: Why Rivian Stock May Sputter Amid This New Headwind,2024-05-07,10:35:00
amzn,InvestorPlace,The 3 Best Magnificent 7 Stocks to Buy in May 2024,2024-05-07,10:35:00
amzn,InvestorPlace,Caution! Why SoundHound AI Stock May Be All Bark and No Bite.,2024-05-07,10:39:00
amzn,InvestorPlace,3 Consumer Staples Stocks to Sell in May Before They Crash & Burn,2024-05-07,10:49:00
amzn,InvestorPlace,Avoid the AI Fallout: 3 Stocks to Unload Amid the SMCI Shockwave,2024-05-07,11:00:00
amzn,InvestorPlace,3 AI Titans Betting Big on Anthropic’s Claude,2024-05-07,11:00:00
amzn,InvestorPlace,RIVN Stock Alert: Is Rivian About to Partner With Apple?,2024-05-07,13:29:14
amzn,Benzinga,Nvidia Is 'De Facto AI Standard For The Foreseeable Future': Goldman Sachs Analyst Revises Share Price Expectations,2024-05-07,15:27:26
amzn,InvestorPlace,Tomorrow’s Winners: 3 EV Stocks to Buy Before the Market’s Massive Rebound,2024-05-07,16:18:31
amzn,Benzinga,Amazon to Rent 10 Boeing 767-300 Freighters in Fleet Upgrade,2024-05-07,19:02:04
amzn,InvestorPlace,The 3 Best AI Stocks to Buy in May 2024,2024-05-07,19:40:28
amzn,InvestorPlace,Strong Earnings: Just Another Reason to Buy AI Stocks,2024-05-07,19:42:53
amzn,RTTNews,Amazon To Pump $9 Bln Investment Into Singapore's Cloud Infrastructure ,2024-05-07,21:25:38
amzn,InvestorPlace,7 Stocks to Buy Now or Regret It for the Next Decade,2024-05-08,10:00:00
amzn,InvestorPlace,The 3 Most Undervalued Tech Stocks to Buy in May 2024,2024-05-08,10:06:00
amzn,InvestorPlace,Don’t Sleep on Meta Platforms Stock. Why Its AI Bet Could Pay Off Big.,2024-05-08,10:10:00
amzn,InvestorPlace,Alphabet Stock Alert: Why Investors Should Stay away from GOOG for Now,2024-05-08,10:27:00
amzn,InvestorPlace,Millennial Money Magnets: 3 Stocks Attracting the Next Generation of Investors,2024-05-08,11:00:00
amzn,InvestorPlace,3 Tech Stock Darlings to Scoop Up After Q2 earnings,2024-05-08,11:30:00
amzn,InvestorPlace,Needham Just Raised Its Price Target on Reddit (RDDT) Stock,2024-05-08,13:33:54
amzn,InvestorPlace,Ad Sector Superstars: 3 Stocks Poised to Thrive on Robust Marketing Trends,2024-05-08,14:00:00
amzn,Seeking Alpha,E-commerce shock and awe: Shopify and Coupang slide on earnings; Amazon stands tall,2024-05-08,16:25:24
amzn,InvestorPlace,Earnings Superstars: 3 Stocks Primed to Outperform This Quarter,2024-05-08,17:28:18
amzn,InvestorPlace,One Gigantic Reason Inflation Should Crash Into Summer,2024-05-08,18:05:15
amzn,InvestorPlace,The 3 Best Consumer Stocks to Buy in May 2024,2024-05-08,18:15:51
amzn,InvestorPlace,The 3 Best Data Center Stocks to Capitalize on the AI Craze,2024-05-08,18:17:10
amzn,Benzinga,"Datadog's Strong Start To 2024: Analysts Optimistic About Ongoing Market Leadership, 'More/Faster Cloud Software Creation Is Better""",2024-05-08,20:26:47
amzn,RTTNews,Amazon Deploys Electric Trucks In California To Reduce Emissions ,2024-05-08,20:51:42
amzn,RTTNews,Amazon Prime To Roll Out Interactive Commercials ,2024-05-08,21:52:14
amzn,TipRanks,Can Amazon’s (NASDAQ:AMZN) Free Cash Flow Reach $100B by 2026?,2024-05-08,23:51:05
amzn,InvestorPlace,3 Promising Quantum Stocks Poised to Become the Next Big Thing,2024-05-09,10:03:00
amzn,InvestorPlace,3 Stocks Positioning Themselves for the Future of AI,2024-05-09,10:20:00
amzn,Benzinga,Affirm Holdings Selloff Is 'Baffling': Analysts Dive Into Financial Results,2024-05-09,17:53:09
amzn,InvestorPlace,Decoding Arm Earnings: A Green Light for AI Stock Growth,2024-05-09,18:28:39
amzn,Benzinga,"Arm Holdings Poised To Challenge Qualcomm, Intel, AMD In AI, Analysts Predict Growth In Chip Design",2024-05-09,20:53:22
amzn,Seeking Alpha,"Funko's Q1 loss sliced 60%, names new CEO",2024-05-09,21:31:26
amzn,InvestorPlace,Streaming Wars Winners: 3 Stocks Conquering the Content Game,2024-05-10,10:05:00
amzn,InvestorPlace,The 3 Best Auto Stocks to Buy in May 2024,2024-05-10,10:23:00
amzn,InvestorPlace,Overlooked AI Gems: 3 Under-the-Radar Stocks With Massive Potential,2024-05-10,10:27:00
amzn,InvestorPlace,3 Biotech Stocks to Sell in May Before They Crash & Burn,2024-05-10,10:30:00
amzn,InvestorPlace,Amazon Stock Outlook: Why AMZN Will Continue to Outperform in 2024,2024-05-10,10:35:04
amzn,RTTNews,"CPSC Recalls: UTVs, Snowmobiles, Wall Ovens, Chairs, Toy Pinwheels, Nightgowns ",2024-05-10,13:06:55
amzn,TipRanks,Amazon (AMZN) Receives a Rating Update from a Top Analyst,2024-05-10,15:17:17
amzn,Benzinga,"AI Revolution 'On the Doorstep:' The 'Tidal Wave' Is Well Underway, Analyst Says",2024-05-10,22:27:45
amzn,InvestorPlace,3 Blue-Chip Tech Stocks Attracting Institutional Investor Attention,2024-05-11,10:14:00
amzn,InvestorPlace,AMD Stock Alert: Why You Should Sell Advanced Micro Devices Now,2024-05-11,10:38:00
amzn,InvestorPlace,Cloud Computing Kings: 3 Stocks Ruling the Remote Work Era,2024-05-11,11:10:00
amzn,InvestorPlace,The 3 Best Mutual Funds to Buy in May 2024,2024-05-11,13:46:00
amzn,InvestorPlace,The 3 Best Space Stocks to Buy in May 2024,2024-05-11,20:00:00
amzn,InvestorPlace,GOOG Stock Analysis: Unlocking the Future Potential of Alphabet in 2024,2024-05-12,10:40:00
amzn,InvestorPlace,Why Microsoft Stock Is the Pick of the Magnificent Seven Litter,2024-05-12,10:50:00
amzn,InvestorPlace,3 Game-Changing Stocks to Unlock Life-Changing Wealth,2024-05-12,12:56:39
amzn,InvestorPlace,"Super Micro Computer Stock Forecast: Can SMCI Hit $1,200 Again?",2024-05-12,23:15:00
amzn,InvestorPlace,The 3 Most Undervalued Software Stocks to Buy in May 2024,2024-05-13,10:09:00
amzn,RTTNews,"Amazon, Microsoft, Pfizer To Invest Billions In French Projects ",2024-05-13,11:19:54
amzn,Benzinga,Can Wireless Charging Lower Cost of EV Fleets? Purdue Researchers Hope So,2024-05-13,19:08:10
amzn,InvestorPlace,Consumer Staples Stocks Prove That the ‘Strong Consumer’ Is Just a Myth,2024-05-13,19:13:08
amzn,InvestorPlace,Now Even Apple Wants to Make Data Center Chips! Which Are the 3 Best Chipmaker Stocks to Buy?,2024-05-13,19:56:52
amzn,Benzinga,ABX Pilots Win Back Amazon Business with Power of Positivity,2024-05-13,21:35:14
amzn,InvestorPlace,3 Cheap Tech Stocks to Buy Now- May 2024,2024-05-14,10:15:00
amzn,InvestorPlace,Amazon Stock Price Forecasts: Why Analysts Predict Steady Growth Through 2030,2024-05-14,11:05:00
amzn,InvestorPlace,Wall Street Favorites: 3 Cloud Computing Stocks With Strong Buy Ratings for May 2024,2024-05-14,12:39:31
amzn,Benzinga,"New Hotter Inflation Data – Momo Buys The Dip, Fed Blunder Shows Up In Roaring Meme Stocks",2024-05-14,17:55:18
amzn,InvestorPlace,The EV Sector’s Hidden Gems: 3 Overlooked Stocks to Add to Your Watchlist,2024-05-14,19:00:00
amzn,Benzinga,"Shifting Gears: Tesla, Rivian Accelerate In EV Market, Lucid Hits A Bump",2024-05-14,19:13:18
amzn,TipRanks,"Analysts Are Bullish on These Consumer Cyclical Stocks: Home Depot (HD), Amazon (AMZN)",2024-05-15,09:41:06
amzn,InvestorPlace,Alibaba Stock Alert: Is This the Turnaround Investors Were Waiting For?,2024-05-15,10:05:00
amzn,InvestorPlace,3 Top Cloud Computing Stocks to Invest In Before It’s Too Late,2024-05-15,10:09:00
amzn,TipRanks,TD Cowen Sticks to Its Buy Rating for Amazon (AMZN),2024-05-15,11:15:37
amzn,TipRanks,Oppenheimer Sticks to Its Buy Rating for Amazon (AMZN),2024-05-15,11:45:46
amzn,InvestorPlace,Wall Street Favorites: 3 Growth Stocks With Strong Buy Ratings for May 2024,2024-05-15,17:09:04
amzn,Seeking Alpha,"Tiger Global exits PDD Holdings, boosts Alphabet, Amazon among 1Q moves",2024-05-15,18:50:46
amzn,InvestorPlace,Hot Stocks 2024: The 3 Best Places to Put Your Money This May,2024-05-15,19:08:18
amzn,Seeking Alpha,"Bridgewater's top Q1 buys, sells: Amazon, AMD, Medtronic, CME, others",2024-05-15,19:38:50
amzn,Benzinga,Amazon's Upfront Presentation Highlights Strong Push into Movies and Sports Advertising: Analyst,2024-05-15,19:52:46
amzn,InvestorPlace,Wall Street Favorites: 3 Dow Stocks With Strong Buy Ratings for May 2024,2024-05-15,20:26:25
amzn,Seeking Alpha,AT&T goes up against Elon Musk's Starlink with AST SpaceMobile deal,2024-05-15,20:53:21
amzn,Seeking Alpha,"Whale Rock adds Salesforce, AppLovin, exits AMD in Q1, among other moves",2024-05-15,21:22:07
amzn,Seeking Alpha,Soros Fund Management's top buy and sells in Q1,2024-05-15,22:30:18
amzn,Seeking Alpha,Third Point top buy and sells in Q1,2024-05-16,08:33:48
amzn,TipRanks,Buy Rating Affirmed for Amazon as AWS Appoints New CEO and Invests in AI Innovation,2024-05-16,08:40:04
amzn,InvestorPlace,All In: Daniel Loeb Puts 37% of Portfolio in These 3 Stocks. Masterstroke or Misstep?,2024-05-16,10:10:00
amzn,TipRanks,"Analysts’ Opinions Are Mixed on These Consumer Cyclical Stocks: Amazon (AMZN), Expedia (EXPE) and Nio (NIO)",2024-05-16,10:21:06
amzn,InvestorPlace,7 No-Brainer Stocks to Buy and Hold for the Next 20 Years: May 2024,2024-05-16,10:40:25
amzn,InvestorPlace,3 Secret Quantum Computing Stocks Flying Below Wall Street’s Radar,2024-05-16,10:42:00
amzn,InvestorPlace,Wall Street Favorites: 7 Stocks With Strong Buy Ratings for May 2024 ,2024-05-16,11:16:00
amzn,InvestorPlace,Amazon Layoffs 2024: What to Know About the Latest Customer Service Job Cuts,2024-05-16,14:45:43
amzn,Seeking Alpha,"Larry Robbins' Glenview Capital takes in Broadcom, exits Intel among Q1 moves",2024-05-16,15:01:24
amzn,InvestorPlace,Why Is AST SpaceMobile (ASTS) Stock Up 44% Today?,2024-05-16,15:05:03
amzn,InvestorPlace,Why Is Lucy Scientific Discovery (LSDI) Stock Up 227% Today?,2024-05-16,15:32:37
amzn,InvestorPlace,Robotic Revolution: 3 Automation Stocks to Futureproof Your Portfolio,2024-05-16,17:19:52
amzn,InvestorPlace,Now Is the Time to Buy Stocks: Experts’ 3 Top Picks,2024-05-16,18:06:48
amzn,InvestorPlace,3 Longevity Stocks to Own as Folks Try to Live to 100 Years (or More!),2024-05-16,18:30:41
amzn,Benzinga,SharkNinja Emerges As A Strong Buy: Analyst Forecasts Growth Amid Strategic Innovations,2024-05-16,19:26:06
amzn,Benzinga,Snowflake Analysts Remain Overweight: Potential Growth Despite Iceberg Adoption Concerns,2024-05-16,19:47:29
amzn,InvestorPlace,Wall Street Favorites: 3 Quantum Computing Stocks With Strong Buy Ratings for May 2024,2024-05-16,20:10:07
amzn,InvestorPlace,Brace for a Market Crash With These 3 (Surprising) New Inflation Hedges,2024-05-16,20:16:40
amzn,InvestorPlace,So Much for That: Microsoft Just Blew Up Its Gaming Strategy,2024-05-16,20:46:29
amzn,InvestorPlace,Amazon’s Cloud and AI Bets Make the Stock a Compelling Buy,2024-05-17,10:45:00
amzn,InvestorPlace,"3 Breakout Stocks to Transform $5,000 Into $50,000",2024-05-17,10:49:00
amzn,InvestorPlace,The 3 Most Undervalued Robinhood Stocks to Buy in May 2024,2024-05-17,11:40:21
amzn,InvestorPlace,Time to Pounce! Buy the Dip in These 3 Magnificent Tech Stock Superstars.,2024-05-17,18:27:46
amzn,InvestorPlace,Rally Rockets: 3 Stocks Benefitting From the Market’s Unstoppable Surge,2024-05-17,18:44:34
amzn,InvestorPlace,"Dow 40,000: What Does Hitting the Major Milestone Mean for Investors?",2024-05-17,19:04:23
amzn,Benzinga,"EXCLUSIVE: GameStop, AMC Buzz 'May Prove To Be Short-Lived,' CEO Of Company Behind MEME ETF Tells Benzinga",2024-05-17,21:04:43
amzn,InvestorPlace,From AI to Robotics: 3 Stocks With the Potential to Make You a Millionaire,2024-05-18,10:40:00
amzn,InvestorPlace,This Week in Layoffs: 3 Strong Stocks That Are Still a Buy After Job Cuts,2024-05-19,10:50:00
amzn,Seeking Alpha,The name Magnificent 7 needs to be retired - Goldman,2024-05-19,17:54:43
amzn,EQS Group,"AI skills could boost Hong Kong workers’ salaries by up to 28% and accelerate career growth as AI adoption ramps up, new research finds",2024-05-20,06:00:07
amzn,InvestorPlace,Wall Street Favorites- 7 Blue-Chip Stocks With Strong Buy Ratings for May 2024,2024-05-20,12:00:00
amzn,InvestorPlace,RIVN Stock Alert: 5 Investors Betting Big on Rivian Automotive,2024-05-20,15:50:21
amzn,InvestorPlace,3 Blue-Chip Stocks Set to Triple Soon,2024-05-20,18:09:46
amzn,InvestorPlace,3 S&P 500 Stocks That Have Proven Themselves Recession-Proof,2024-05-20,18:47:45
amzn,InvestorPlace,Invest in the Underestimated: 7 Bargain Stocks Poised to Prove Wall Street Wrong,2024-05-20,19:02:14
amzn,InvestorPlace,3 Magnificent 7 Stocks to Buy Now: May 2024,2024-05-20,20:34:59
amzn,InvestorPlace,3 Consumer Stocks to Buy Now: May 2024,2024-05-21,10:45:00
amzn,InvestorPlace,7 Stocks to Buy Immediately Following Strong Earnings ,2024-05-21,11:00:00
amzn,InvestorPlace,3 S&P 500 Stocks to Buy in May Before They Rocket Higher,2024-05-21,11:20:00
amzn,InvestorPlace,7 Reliable Blue-Chip Stocks That Cannot Miss,2024-05-21,13:44:06
amzn,InvestorPlace,The 5 Biggest Buyers of Rivian (RIVN) Stock,2024-05-21,15:26:46
amzn,InvestorPlace,3 AI Stocks That Could Be Millionaire-Makers: May Edition,2024-05-21,16:53:17
amzn,InvestorPlace,NVDA Stock Alert: Amazon Halts Orders of Nvidia Superchip,2024-05-21,18:24:36
amzn,InvestorPlace,"3 Stocks That Could Be the Next Apple, Amazon, or Google by 2034",2024-05-21,19:47:00
amzn,InvestorPlace,The Hottest Tech Stock Right Now? 3 Top Picks for Your May Buy List,2024-05-21,19:56:30
amzn,InvestorPlace,Sell in May and Run Away: 3 Retail Stocks on the Brink of Collapse,2024-05-21,20:04:00
amzn,Seeking Alpha,Nvidia ends at record high ahead of earnings; AWS confirms Hopper halt,2024-05-21,20:04:37
amzn,InvestorPlace,The 50% Upside Club: 3 Overlooked Growth Stocks to Buy Now,2024-05-21,23:02:35
amzn,TipRanks,Will Tesla Stock (NASDAQ:TSLA) Tread Water Until the Robotaxi Unveiling?,2024-05-22,02:50:20
amzn,InvestorPlace,3 Robotics Stocks That Could Be Millionaire-Makers: May Edition,2024-05-22,10:45:00
amzn,InvestorPlace,The 2030 Millionaire’s Club: 3 Robotics Stocks to Buy Now,2024-05-22,11:05:00
amzn,InvestorPlace,"Nvidia Stock Earnings Preview: Sorry, Q1 Will Be as Good as It Gets for NVDA.",2024-05-22,13:55:19
amzn,InvestorPlace,3 Stocks That Should Be the Backbone of Your Retirement Portfolio,2024-05-22,14:55:32
amzn,InvestorPlace,Monumental Funding Has Elon Musk AI Venture Primed For Takeoff,2024-05-22,15:38:00
amzn,InvestorPlace,3 Inexpensive Stocks That Could Deliver Jaw-Dropping Returns,2024-05-22,16:11:47
amzn,InvestorPlace,NVDA Stock: Amazon Denies Reports of Halted Orders for Nvidia Superchips,2024-05-22,17:58:35
amzn,InvestorPlace,3 Cloud Computing Stocks to Buy Now: May 2024,2024-05-22,20:30:00
amzn,TipRanks,"TMUS, T, AMZN: Which “Strong Buy” Communications Play Is Best?",2024-05-23,03:59:51
amzn,InvestorPlace,7 Blue-Chip Stocks to Buy Now: May 2024,2024-05-23,10:00:00
amzn,InvestorPlace,Whoa! HPE Stock Is the Top Tech Pick You Didn’t See Coming.,2024-05-23,10:20:00
amzn,InvestorPlace,3 Overlooked AI Stocks That Could Make You a Fortune,2024-05-23,10:45:00
amzn,InvestorPlace,Bullish on Amazon Stock: Why AMZN’s Best Days Are Still Ahead,2024-05-23,11:30:00
amzn,InvestorPlace,3 Tech Stocks That Could Be the Next Microsoft: May Edition  ,2024-05-23,12:00:00
amzn,Seeking Alpha,"'Just getting started:' Nvidia's 'unparalleled' results, guidance still shock Wall Street",2024-05-23,12:42:33
amzn,Seeking Alpha,Nvidia's market cap has swallowed up the combined market cap of AMZN and TSLA,2024-05-23,15:55:57
amzn,InvestorPlace,3 Tech Stocks to Buy Now: May 2024,2024-05-23,17:52:01
amzn,InvestorPlace,JPMorgan Just Raised Its Price Target on Nvidia (NVDA) Stock,2024-05-23,17:55:39
amzn,Benzinga,"NVIDIA Crushes All Estimates, Signals AI Boom is Yet to Unfold",2024-05-23,19:09:54
amzn,Benzinga,Analysts Highlight Target's Market Share Struggles And Increased Competition: Details,2024-05-23,20:34:43
amzn,Benzinga,Amazon Boosts AWS Clientele With NinjaTech AI Deal,2024-05-23,21:47:22
amzn,InvestorPlace,7 Stocks to Buy if the Market Ends Up Plunging,2024-05-24,10:00:00
amzn,Seeking Alpha,Tesla only exception as Magnificent 7 otherwise report bumper quarterly results,2024-05-24,16:33:59
amzn,InvestorPlace,Lucky Number Seven: 3 Growth Stocks That Can 7X in the Next Decade,2024-05-24,20:12:12
amzn,InvestorPlace,Strap In for Gains: 7 High-Octane Tech Stocks to Buy Now,2024-05-26,11:13:00
amzn,InvestorPlace,"Amazon (AMZN) Stock: Buy, Sell, or Hold as Growth Slows in 2024?",2024-05-26,13:10:50
amzn,InvestorPlace,The Bull Market Blastoff: 3 Stocks Ready to Skyrocket When the Market Roars,2024-05-27,10:00:00
amzn,InvestorPlace,The 2025 Millionaire’s Club: 3 Tech Stocks to Buy Now,2024-05-27,12:00:00
amzn,InvestorPlace,Wall Street Favorites: 3 Magnificent 7 Stocks With Strong Buy Ratings for May 2024 ,2024-05-27,14:24:45
amzn,InvestorPlace,3 Renewable Energy Stocks to Buy Now: May 2024,2024-05-27,14:58:46
amzn,InvestorPlace,Income Icons: 3 Ultra-High Yield Stocks to Buy Hand Over Fist,2024-05-27,15:17:09
amzn,InvestorPlace,3 AI Stocks That Can Outperform Nvidia in the Second Half of 2024,2024-05-27,16:41:51
amzn,InvestorPlace,"If You Can Only Buy One S&P 500 Stock in May, It Better Be One of These 7 Names",2024-05-27,17:13:52
amzn,InvestorPlace,3 Sorry Big Data Stocks to Sell in May While You Still Can,2024-05-28,10:54:00
amzn,Seeking Alpha,News have trended negatively against the ACWI - BofA,2024-05-28,13:55:27
amzn,InvestorPlace,3 Innovative Tech Stocks Ready for 100% Gains in 5 Years,2024-05-28,17:17:19
amzn,InvestorPlace,Monumental Funding Has Elon Musk AI Venture Primed For Takeoff,2024-05-28,17:30:52
amzn,Benzinga,Nvidia's Record-Breaking Earnings Boost SOX And NASDAQ Indexes: What Investors Need To Know,2024-05-28,20:37:19
amzn,Benzinga,Wayfair Boosts Offline Footprint With New In-Person Store,2024-05-28,21:57:27
amzn,InvestorPlace,Q1 Winners: S&P 500 Stocks Ready to Rocket on Stellar Earnings,2024-05-29,10:18:00
amzn,InvestorPlace,AMZN Stock Outlook: The Buy-and-Hold Bonanza for Long-Term Investors,2024-05-29,10:20:00
amzn,InvestorPlace,"Bullish Buying Opportunity: 3 ETFs to Scoop Up With $5,000",2024-05-29,11:20:00
amzn,TipRanks,"Stock Market Outlook: Powered By AI, But Beware of Bumps Ahead",2024-05-29,12:11:36
amzn,TipRanks,UK Stocks: Royal Mail Owner Approves Czech Billionaire’s £3.57B Takeover Offer,2024-05-29,12:47:03
amzn,InvestorPlace,7 Must-Own Stocks to Hold for the Second Half of 2024,2024-05-29,13:31:02
amzn,RTTNews,"Amazon Web Services, SAP SE Announce Expanded Collaboration - Quick Facts ",2024-05-29,14:40:59
amzn,InvestorPlace,"If You Can Only Buy One Metaverse Stock in May, It Better Be One of These 3 Names",2024-05-29,15:27:00
amzn,InvestorPlace,Why We’re Excited for the Next Wave of AI Growth,2024-05-29,16:59:01
amzn,InvestorPlace,Is Amazon Stock Losing Its Prime Position? 3 Factors Investors Can’t Ignore.,2024-05-29,19:09:00
amzn,Benzinga,"Magnificent 7 Hits 31% Weighting for S&P 500, Top 5 Holdings Hit 27% Weighting: Will Investors Look Elsewhere?",2024-05-29,19:15:41
amzn,Benzinga,Artificial Intelligence ETFs: Have They Beaten The Market In 2024?,2024-05-29,20:22:23
amzn,RTTNews,Amazon And Grubhub Partner To Enhance Convenience And Affordability In Restaurant Delivery ,2024-05-30,08:44:17
amzn,TipRanks,"Analysts’ Opinions Are Mixed on These Consumer Cyclical Stocks: Abercrombie Fitch (ANF), Amazon (AMZN) and Macy’s (M)",2024-05-30,10:11:42
amzn,InvestorPlace,"If You Can Only Buy One Tech Stock in May, It Better Be One of These 3 Names",2024-05-30,10:52:00
amzn,InvestorPlace,3 Sorry E-Commerce Stocks to Sell in May While You Still Can,2024-05-30,11:46:52
amzn,InvestorPlace,The AI Stocks Set to Soar This Summer,2024-05-30,15:58:47
amzn,InvestorPlace,The Growth Stock Gold Rush: 3 Picks Destined to Strike It Rich,2024-05-30,16:00:00
amzn,InvestorPlace,Who Is the Mystery Nvidia Customer? UBS Analysts Just Shared Their Guess.,2024-05-30,18:04:28
amzn,InvestorPlace,Obvious Opportunities: 3 Stocks the Smartest Investors Are Buying Now,2024-05-30,18:14:09
amzn,InvestorPlace,Walgreens Price Cuts Alert: Walgreens Slashes Product Prices to Court Shoppers,2024-05-30,19:54:10
amzn,Benzinga,Chewy Impresses With Strong Q1 Results; Analysts Envision Stabilized Customer Growth And Enhanced Profitability Ahead,2024-05-30,20:47:47
amzn,Benzinga,Fed's Favorite Inflation Data Due Friday: How Could Markets React To Surprises?,2024-05-30,21:09:08
amzn,TipRanks,Analysts Conflicted on These Consumer Cyclical Names: Amazon (AMZN) and Burlington Stores (BURL),2024-05-30,21:20:57
amzn,TipRanks,"Analysts Have Conflicting Sentiments on These Consumer Cyclical Companies: Costco (COST), Foot Locker (FL) and Amazon (AMZN)",2024-05-31,08:40:30
amzn,InvestorPlace,Unearthing Unknown Stocks: 3 Picks That Could Be the Next Big Thing,2024-05-31,10:00:00
amzn,InvestorPlace,Aristocrats in Disguise: 3 Blue-Chip Stocks With Stealth Growth Potential,2024-05-31,10:00:00
amzn,InvestorPlace,Buy META Stock Before the AI-Fueled Growth Story Takes Off,2024-05-31,10:05:00
amzn,InvestorPlace,Inflation Relief: Which Retail Giants Are Slashing Prices?,2024-05-31,10:08:00
amzn,RTTNews,FAA Approves Amazon Prime Air Drones To Fly Beyond Visual Line Of Sight ,2024-05-31,10:57:05
amzn,InvestorPlace,"If You Can Only Buy One REIT Stock in May, It Better Be One of These 3 Names",2024-05-31,11:15:00
amzn,InvestorPlace,Dividend Duds: 3 Stocks to Dump Before They Drain Your Portfolio,2024-05-31,14:47:26
amzn,InvestorPlace,ETF Traps: 3 Funds That Promise Much But Deliver Little,2024-05-31,15:07:30
amzn,InvestorPlace,The Under-the-Radar Renegades: 3 Stocks Quietly Disrupting Their Industries,2024-05-31,17:21:44
amzn,Benzinga,Marvell Technology's Revenues To Recover On AI Demand; These 9 Analysts Dive Into Q1 Results,2024-05-31,17:29:41
amzn,InvestorPlace,Fiji Water Bottle Recalls 2024: What to Know as Nearly 2 Million Bottles Are Pulled,2024-05-31,20:58:07
amzn,TipRanks,Amazon (NASDAQ:AMZN): Prepping for Its Next Decade of Growth with AWS,2024-06-01,01:02:23
amzn,InvestorPlace,3 Sorry Tech Stocks to Sell While You Still Can,2024-06-01,12:00:00
amzn,InvestorPlace,One Magnificent 7 Stock to Ditch and 2 to Buy Instead,2024-06-01,12:30:00
amzn,InvestorPlace,Apple Stock Outlook: The Calm Before the AI Storm at WWDC 2024,2024-06-03,10:00:00
amzn,Seeking Alpha,"Silver had its best monthly performance in May since Nov 2022, up 16% - DB",2024-06-03,15:05:32
amzn,InvestorPlace,3 Stocks Billionaires Are Buying Instead of Nvidia,2024-06-03,18:34:22
amzn,Seeking Alpha,HubSpot may have hired financial advisors amid deal talks: report,2024-06-03,20:21:40
amzn,InvestorPlace,The Next Nvidia? 3 Stocks With the Potential to Surpass the Tech Giant in Value,2024-06-04,11:00:00
amzn,Seeking Alpha,"Largest companies in the Russell 3000 Index by size: NVDA, LLY, AVGO make huge leaps",2024-06-04,12:46:53
amzn,Benzinga,"Broadcom, Marvell Capitalize On Generative AI Demand With Custom ASIC Solutions",2024-06-04,14:20:50
amzn,Seeking Alpha,Cisco joins a group of companies investing in Canadian AI startup Cohere,2024-06-04,16:24:26
amzn,InvestorPlace,Invest in Promising AI Stocks Before the Disinflation Boom,2024-06-04,18:09:32
amzn,InvestorPlace,The 3 Most Undervalued Chinese Stocks to Buy in June 2024,2024-06-04,18:24:25
amzn,Seeking Alpha,"CrowdStrike increases net new ARR 22% YOY to start FY2025, surges post-market",2024-06-04,20:45:11
amzn,Benzinga,Microsoft Forges Billion-Dollar AI Deal With Hitachi,2024-06-04,21:36:44
amzn,TipRanks,Jefferies Reaffirms Their Buy Rating on Amazon (AMZN),2024-06-05,08:25:05
amzn,InvestorPlace,The 3 Most Undervalued Consumer Stocks to Buy in June 2024,2024-06-05,10:00:00
amzn,InvestorPlace,AMZN Buy Alert: Why Amazon Stock Is a Bargain Hiding in Plain Sight,2024-06-05,10:13:00
amzn,InvestorPlace,3 S&P 500 Stocks to Buy in June Before They Ascend to New Heights,2024-06-05,10:30:00
amzn,InvestorPlace,The 3 Best Consumer Stocks to Buy in June 2024,2024-06-05,11:24:35
amzn,TipRanks,How to Find the Next NVIDIA,2024-06-05,14:17:16
amzn,RTTNews,"NBA To Finalize $76 Bln Deals With NBC, ESPN, Amazon: WSJ ",2024-06-05,16:40:07
amzn,InvestorPlace,7 Robotics & Automation Stocks to Own Before They Transform Industries,2024-06-05,17:01:46
amzn,InvestorPlace,The 3 Most Undervalued Retail Stocks to Buy in June 2024,2024-06-05,17:25:34
amzn,Seeking Alpha,eBay to drop American Express cards as payment option (update),2024-06-05,19:19:09
amzn,TipRanks,Walmart Stock (NYSE:WMT): The Recent Run May Not be Over,2024-06-05,21:18:09
amzn,Benzinga,"S&P 500, Nasdaq 100 Jointly Hit All-Time Highs, Nvidia Overtakes Apple As Second Most Valuable US Company",2024-06-05,22:18:05
amzn,RTTNews,Amazon Labor Union Formally Affiliates With Teamsters Union ,2024-06-06,04:23:00
amzn,Seeking Alpha,Amazon to buy some assets of Indian video streaming service MX Player,2024-06-06,09:38:05
amzn,InvestorPlace,"Dear Apple Stock Fans, Mark Your Calendars for June 10",2024-06-06,10:10:00
amzn,InvestorPlace,The 3 Most Undervalued Tech Stocks to Buy in June 2024,2024-06-06,10:36:00
amzn,InvestorPlace,3 Value Stocks to Buy for Incredible Long-Term Upside,2024-06-06,20:18:58
amzn,Benzinga,"Cathie Wood-Led Ark Invest Buys $9.9M Worth Of Amazon Shares, Also Picks Up Reddit Stock",2024-06-07,04:25:44
amzn,TipRanks,Analysts Offer Insights on Consumer Cyclical Companies: Amazon (AMZN) and Big Lots (BIG),2024-06-07,09:50:11
amzn,InvestorPlace,7 Top AI Stocks to Buy in June for Long-Term Growth,2024-06-07,10:40:00
amzn,InvestorPlace,3 Retail Stocks Already Leveraging AI for Sales Success,2024-06-07,11:30:00
amzn,InvestorPlace,3 Cheap E-Commerce Stocks to Play a Bounce in Digital Spending,2024-06-07,14:00:00
amzn,Seeking Alpha,‘AI Big Ten’ dominance on display in S&P 500 as Nvidia heads into stock split,2024-06-07,16:51:59
amzn,InvestorPlace,Multibagger Alert: 3 Growth Stocks That Could Supercharge Your Portfolio,2024-06-07,17:20:29
amzn,InvestorPlace,7 Reliable Stocks That Deliver Come Rain or Shine,2024-06-07,17:40:54
amzn,InvestorPlace,Navigating the Tech Stock Jungle: 3 Picks for Massive Returns,2024-06-07,18:08:48
amzn,Seeking Alpha,"Catalyst Watch: Apple's WWDC, Tesla's annual meeting, Fed's dot plot, and GameStop volatility",2024-06-07,19:00:58
amzn,InvestorPlace,The 3 Most Undervalued EV Stocks to Buy in June 2024,2024-06-08,10:48:00
amzn,InvestorPlace,7 Resilient Picks Poised to Weather Any Storm,2024-06-08,11:18:00
amzn,InvestorPlace,3 Utility Stocks That Are Even Hotter AI Plays Than Nvidia,2024-06-08,11:25:00
amzn,InvestorPlace,The 7 Most Undervalued Under-$50 Stocks to Buy in June 2024,2024-06-08,13:00:00
amzn,InvestorPlace,An Exciting Apple Announcement Could Change the AI Game,2024-06-08,13:25:00
amzn,InvestorPlace,Why Amazon Stock Is a Must-Buy Now According to Top Wealth Manager,2024-06-08,14:37:09
amzn,InvestorPlace,The 3 Most Undervalued Warren Buffett Stocks to Buy in June 2024,2024-06-09,10:52:00
amzn,InvestorPlace,How to Play Apple’s Big AI Reveal Tomorrow,2024-06-09,14:00:00
amzn,InvestorPlace,Main Street’s Revenge: 3 Stocks Primed to Benefit from the Retail Investor Revival,2024-06-09,15:00:00
amzn,Seeking Alpha,Schwab Trading Activity Index rises slightly in May,2024-06-10,05:58:24
amzn,InvestorPlace,Walmart Stock Analysis: Can WMT Become the Next $1 Trillion Stock?,2024-06-10,10:10:00
amzn,InvestorPlace,Teradata Stock Analysis: Don’t Let the Amazon News Fool You Into Buying Now,2024-06-10,10:30:00
amzn,InvestorPlace,Nvidia’s Rise May Be Its Downfall: The Contrarian Case for Selling NVDA Now,2024-06-10,10:56:28
amzn,InvestorPlace,The 3 Best Blockchain Stocks to Buy in June 2024,2024-06-10,11:10:00
amzn,InvestorPlace,3 Autonomous Driving Stocks That Are Better Bets Than Tesla,2024-06-10,12:35:00
amzn,InvestorPlace,The One Company That Could Help Apple Change the World With AI,2024-06-10,15:29:46
amzn,InvestorPlace,3 AI Stocks With the Potential to Rise 100% by 2026: June Edition,2024-06-10,18:51:32
amzn,InvestorPlace,The 7 Best Stocks to Buy to Avoid June Gloom,2024-06-10,19:51:38
amzn,InvestorPlace,The 3 Best Tech Stocks to Buy in June 2024,2024-06-10,20:03:51
amzn,Benzinga,Palo Alto Expands Its Regionally-Hosted Cloud Services,2024-06-10,21:51:38
amzn,TipRanks,Amazon’s Expansion and Margin Improvement Outlook Justify Buy Rating,2024-06-11,10:09:04
amzn,InvestorPlace,Michael Burry Has 26% of His Portfolio Invested in These 3 Stocks,2024-06-11,10:15:00
amzn,InvestorPlace,3 Boring Stocks to Buy to Steadily Grow Your Wealth for the Next Decade,2024-06-11,10:27:00
amzn,InvestorPlace,3 Growth Stock Picks That Will Add Prestige to Your Portfolio,2024-06-11,12:00:00
amzn,Seeking Alpha,"Nvidia rated as strongest stock among Magnificent Seven, Tesla weakest - SA subscribers",2024-06-11,14:24:50
amzn,Seeking Alpha,Broadcom Q2 earnings preview: Focus on AI revenue growth,2024-06-11,15:33:17
amzn,Benzinga,Shopify Has Competitive Moat That Warrants Premium Valuation: JP Morgan Analyst,2024-06-11,17:44:20
amzn,InvestorPlace,Exit Now! 3 AI Stocks to Sell in June 2024,2024-06-11,19:44:57
amzn,InvestorPlace,Apple Intelligence Could Dominate the Big Tech AI Race,2024-06-11,20:03:59
amzn,Benzinga,"Nvidia Stock Split Might Not Lead To Sustained Rally, But It Could Replace Intel In Dow Index",2024-06-11,20:04:45
amzn,Benzinga,Rogers Communication's Deals to Aid Long-Term Prospects,2024-06-11,21:50:49
amzn,RTTNews,Amazon Adds $1.4 Bln To Housing Equity Fund ,2024-06-12,03:41:46
amzn,InvestorPlace,Amazon Stock: Why This Cash-Rich Titan Is Poised for Continued Greatness,2024-06-12,10:00:00
amzn,InvestorPlace,7 Growth Stocks BlackRock Is Buying (and You Should Too),2024-06-12,10:15:00
amzn,InvestorPlace,3 Must-Buy Stocks Before the Third Quarter,2024-06-12,10:30:00
amzn,InvestorPlace,7 Trending Stocks With Momentum on Their Side,2024-06-12,10:43:00
amzn,Seeking Alpha,"Apple retains crown as world's most valuable brand, Kantar says",2024-06-12,10:53:50
amzn,InvestorPlace,"Netflix Stock Analysis: Cash Cow Today, But Uncertain Outlook for Tomorrow",2024-06-12,12:35:24
amzn,InvestorPlace,3 Unshakeable Stocks to Buy for Slowing U.S. Growth,2024-06-12,14:15:00
amzn,InvestorPlace,3 Stocks to Buy Hand Over Fist in June 2024,2024-06-12,17:40:54
amzn,Benzinga,3 Delaware Mutual Funds for Impressive Returns,2024-06-12,18:45:22
amzn,Benzinga,Assessing Apple Stock Post Apple Intelligence Unveiling,2024-06-12,19:04:35
amzn,Benzinga,"Oracle Rides Strong On The AI Wave, Despite Q4 Revenue Miss: 8 Analysts' Insights",2024-06-12,19:11:41
amzn,Benzinga,5 Large-Cap ETFs at the Forefront of the Market Rally This Year,2024-06-12,21:43:56
amzn,Benzinga,Zscaler Partners With NVIDIA to Boost Zero Trust Capability,2024-06-12,21:47:26
amzn,RTTNews,Amazon Web Services To Launch An AWS Infrastructure Region In Taiwan By Early 2025 ,2024-06-12,22:16:10
amzn,TipRanks,UBS Keeps Their Buy Rating on Amazon (AMZN),2024-06-13,05:45:41
amzn,InvestorPlace,AMD Stock’s AI Stumble: Is Lisa Su’s Vision Running Out of Steam?,2024-06-13,10:00:00
amzn,InvestorPlace,How to Invest in Penny Stocks in 2024: 3 Best Picks,2024-06-13,10:00:00
amzn,InvestorPlace,Elon Musk Lifts Tesla (TSLA) Stock With Hint That Pay Package Will Pass,2024-06-13,13:13:50
amzn,InvestorPlace,The Penny Stock Pundits: 3 Companies Poised to Become the Talk of Wall Street,2024-06-13,19:35:06
amzn,InvestorPlace,3 Tech Titans Rewriting the Rules of Growth Investing,2024-06-13,19:41:23
amzn,InvestorPlace,Why This Analyst Thinks Broadcom Will Be the Next Trillion-Dollar Stock,2024-06-13,20:30:23
amzn,InvestorPlace,3 Stocks Poised for Triple-Digit Returns: Expert Picks for Massive Gains,2024-06-13,20:43:29
amzn,Benzinga,Tech's AI-Driven Strength Over Dow's Blue Chips Tops Dot-Com Era Peak: Are We In A New Bubble?,2024-06-13,22:16:24
amzn,InvestorPlace,AI Artisans: 3 Stocks Crafting the Future of Intelligent Machines,2024-06-14,10:00:00
amzn,InvestorPlace,The 3 Best Mutual Funds to Buy in June 2024,2024-06-14,10:00:00
amzn,InvestorPlace,The Only 7 Data Center Stocks Investors Need In Order to Capitalize on AI,2024-06-14,11:00:00
amzn,InvestorPlace,The 3 Best Retail Stocks to Buy in June 2024,2024-06-14,12:00:00
amzn,InvestorPlace,The 7 Best Retirement Stocks to Buy in June 2024,2024-06-14,19:00:00
amzn,Seeking Alpha,"Catalyst Watch: HP Enterprise event, Walmart+ Week, Pure Storage buzz, and triple-witching volatility",2024-06-14,19:00:00
amzn,InvestorPlace,AI All Stars: 3 Stocks Leading the Charge in Artificial Intelligence,2024-06-14,19:09:41
amzn,Benzinga,Alphabet Google Nears Zero-Carbon Goals With NV Energy,2024-06-14,22:03:12
amzn,InvestorPlace,Stock Splits 101: The 5 Most Common Questions Answered,2024-06-15,10:12:00
amzn,InvestorPlace,"3 AI Stocks to Turn $10,000 Into $1 Million: June 2024",2024-06-15,16:00:00
amzn,InvestorPlace,3 Reasons to Buy Amazon Stock Now,2024-06-17,10:15:00
amzn,InvestorPlace,3 Stocks to Buy for Exposure to the Anthropic Boom,2024-06-17,13:00:00
amzn,InvestorPlace,3 Stocks That Could Soon Follow Nvidia to the $3 Trillion Club,2024-06-17,13:15:45
amzn,Benzinga,"Broadcom's Cutting-Edge AI Networking Technology Leaves Nvidia, Marvell, Cisco Behind: JPMorgan",2024-06-17,14:04:03
amzn,InvestorPlace,The Colossal Elon Musk Venture Investors Can’t Afford To Miss,2024-06-17,15:08:55
amzn,InvestorPlace,3 Cathie Wood Stocks to Buy Now: June 2024,2024-06-17,17:24:12
amzn,TipRanks,"PDD, AMZN, MELI: Which E-Commerce Stock Is the Strongest Buy?",2024-06-17,20:34:00
amzn,InvestorPlace,Wall Street Favorites: 3 Dow Stocks With Strong Buy Ratings for June 2024 ,2024-06-17,20:36:02
amzn,Benzinga,Tyler Technologies Rides on Growing Customer Base,2024-06-17,21:57:49
amzn,Benzinga,Retail Sales Preview: May Numbers Expected To Rise As Consumers 'Feeling More Positive',2024-06-17,22:34:18
amzn,Benzinga,"Cathie Wood-Led Ark Picks Up $5.3M Worth Of TSMC Shares— Also Picks Up Palantir, Amazon Stock Amid Ongoing AI Frenzy",2024-06-18,05:55:11
amzn,InvestorPlace,The 3 Best Asian Stocks to Buy in June 2024,2024-06-18,10:13:00
amzn,Seeking Alpha,Amazon pharma subscription service extends to Medicare,2024-06-18,12:29:08
amzn,Seeking Alpha,Retail sales breakdown: Winners and losers as consumers lean away from big-ticket items,2024-06-18,12:49:27
amzn,TipRanks,"Analysts Are Bullish on Top Consumer Cyclical Stocks: DraftKings (DKNG), Patrick Industries (PATK)",2024-06-18,13:20:15
amzn,Seeking Alpha,Least shorted S&P 500 stocks in May,2024-06-18,14:34:48
amzn,InvestorPlace,3 Stocks Under $10 to Buy for Maximum Growth in 2024,2024-06-18,17:00:00
amzn,InvestorPlace,There Are Better Picks to Enjoy the Fruits of AI Than Apple Stock,2024-06-18,18:24:18
amzn,Benzinga,Economist React To May Retail Sales Data: 'Consumer Spending Is Cooling In A Fairly Orderly Fashion',2024-06-18,18:44:24
